{
  "omega": [
    0.45,
    0.5,
    0.55,
    0.6,
    0.65
  ],
  "rbne": [
    0.13333333333333336,
    0.16,
    0.16666666666666666,
    0.21333333333333332,
    0.23111111111111113
  ],
  "asghar": [
    0.4577777777777778,
    0.6155555555555555,
    0.7155555555555556,
    0.7222222222222222,
    0.7755555555555556
  ],
  "random": [
    0.23111111111111113,
    0.2533333333333333,
    0.2822222222222222,
    0.2822222222222222,
    0.31777777777777777
  ],
  "nodec": [
    0.6666666666666666,
    0.6888888888888889,
    0.7044444444444444,
    0.7044444444444444,
    0.7044444444444444
  ],
  "0.6": {
    "No-Deception": 0.7833333333333333,
    "Random": 0.32333333333333336,
    "Asghar-2025": 0.64,
    "R-BNE-DO+LCP": 0.3133333333333333
  },
  "0.65": {
    "No-Deception": 0.7833333333333333,
    "Random": 0.39999999999999997,
    "Asghar-2025": 0.6533333333333334,
    "R-BNE-DO+LCP": 0.31333333333333335
  }
}