{"budget": [0.8, 1.0, 1.2, 1.4, 1.6], "rbne": [0.20444444444444446, 0.17333333333333334, 0.16666666666666666, 0.1688888888888889, 0.1688888888888889], "asghar": [0.7155555555555556, 0.7155555555555556, 0.7155555555555556, 0.7155555555555556, 0.7155555555555556], "random": [0.2822222222222222, 0.2822222222222222, 0.2822222222222222, 0.2822222222222222, 0.2822222222222222], "nodec": [0.7044444444444444, 0.7044444444444444, 0.7044444444444444, 0.7044444444444444, 0.7044444444444444]}